"categoria","precio_promedio"
Hogar,25.0000000000000000
Juguetes,17.5000000000000000
Deportes,32.5000000000000000
Electronicos,900.0000000000000000
Ropa,60.0000000000000000
